date,year,yday,prcp (mm/day),srad (W/m^2),swe (kg/m^2),tmax (deg c),tmin (deg c),vp (Pa),Unnamed: 0,Unnamed: 1
1980-01-31,1980.0,16.0,1.616258064516129,176.05599999999998,18.45258064516129,-1.4989032258064516,-8.043032258064517,360.31825806451616,,
1980-02-29,1980.0,46.0,1.1235862068965516,270.0250344827586,29.307172413793104,-3.079103448275862,-10.812896551724137,295.2711034482758,,
1980-03-31,1980.0,76.0,3.7398709677419353,317.48709677419356,29.905677419354838,2.306258064516129,-5.1887741935483875,444.60967741935485,,
1980-04-30,1980.0,106.5,3.4966,367.77993333333336,0.8234666666666666,10.736333333333333,1.8834666666666666,713.3841333333332,,
1980-05-31,1980.0,137.0,2.309032258064516,413.3036129032258,0.0,19.388709677419353,8.08567741935484,1114.3356129032259,,
1980-06-30,1980.0,167.5,3.4126000000000003,401.62960000000004,0.0,21.31693333333333,10.209533333333335,1282.9455333333333,,
1980-07-31,1980.0,198.0,5.045677419354838,361.6686451612903,0.0,26.148774193548388,15.507677419354838,1794.653870967742,,
1980-08-31,1980.0,229.0,2.585225806451613,351.7241290322581,0.0,26.305870967741935,17.043032258064517,1959.4472903225808,,
1980-09-30,1980.0,259.5,3.4433999999999996,327.6528666666667,0.0,21.472266666666666,10.942666666666666,1361.8372666666667,,
1980-10-31,1980.0,290.0,3.3965161290322583,211.66851612903224,0.0,11.302,3.4459354838709677,804.076129032258,,
1980-11-30,1980.0,320.5,1.6611333333333334,165.20013333333333,0.06593333333333333,6.079533333333333,-0.9538666666666668,585.6921333333333,,
1980-12-31,1980.0,350.5,2.199133333333333,173.7708,3.6514666666666664,-0.5948666666666667,-9.3696,338.233,,
1981-01-31,1981.0,16.0,0.8934193548387096,197.2167741935484,33.458129032258064,-4.799806451612904,-12.404,262.3763225806452,,
1981-02-28,1981.0,45.5,3.4659999999999997,241.15964285714284,69.82292857142856,1.4956428571428573,-6.362071428571428,434.9676428571429,,
1981-03-31,1981.0,75.0,1.0539999999999998,380.08219354838707,45.73329032258064,4.924709677419354,-3.7640000000000002,494.09658064516134,,
1981-04-30,1981.0,105.5,3.7455333333333334,349.09113333333335,2.1738,12.383,2.5154,748.5893333333333,,
1981-05-31,1981.0,136.0,1.6705806451612903,405.4250322580645,0.0,17.93283870967742,6.538645161290323,1001.2154193548388,,
1981-06-30,1981.0,166.5,4.0266,385.08320000000003,0.0,23.7452,12.960999999999999,1518.5386666666666,,
1981-07-31,1981.0,197.0,3.1112903225806448,384.7993548387097,0.0,26.67806451612903,15.674774193548387,1803.047741935484,,
1981-08-31,1981.0,228.0,3.1792903225806453,334.5002580645161,0.0,24.94606451612903,15.07658064516129,1740.9297419354837,,
1981-09-30,1981.0,258.5,5.754,280.5432666666667,0.0,19.39646666666667,11.348933333333331,1426.6589333333334,,
1981-10-31,1981.0,289.0,3.168967741935484,239.0683870967742,0.0,12.156387096774193,3.228387096774193,787.9092903225807,,
1981-11-30,1981.0,319.5,1.5778,165.87953333333334,0.0,7.897466666666666,-0.1917333333333333,616.8662,,
1981-12-31,1981.0,350.0,2.0460645161290323,143.91929032258065,4.649806451612903,0.5489677419354839,-5.050322580645162,433.38277419354836,,
1982-01-31,1982.0,16.0,2.8526451612903228,184.744,24.085161290322578,-4.259032258064517,-13.012967741935483,247.38141935483873,,
1982-02-28,1982.0,45.5,1.357357142857143,251.45414285714287,91.62735714285714,-3.014357142857143,-10.9125,302.9797142857143,,
1982-03-31,1982.0,75.0,3.101677419354839,335.4313548387097,96.18722580645161,2.734709677419355,-5.062258064516129,453.0991612903226,,
1982-04-30,1982.0,105.5,2.3052,448.1148,58.18126666666667,9.970733333333333,-0.6983333333333334,618.4037333333333,,
1982-05-31,1982.0,136.0,3.8667741935483875,377.0254193548387,1.5978064516129031,21.11174193548387,9.878516129032258,1229.0077419354839,,
1982-06-30,1982.0,166.5,4.516,367.00673333333333,0.0,20.5908,11.508133333333333,1372.7515333333333,,
1982-07-31,1982.0,197.0,1.2923225806451613,405.2721935483871,0.0,26.53709677419355,15.623419354838708,1802.037419354839,,
1982-08-31,1982.0,228.0,3.0918709677419356,361.6146451612903,0.0,23.56077419354839,12.914451612903225,1531.8609677419356,,
1982-09-30,1982.0,258.5,3.828666666666667,290.447,0.0,20.193133333333332,10.318733333333332,1285.9820666666667,,
1982-10-31,1982.0,289.0,1.5543225806451613,262.2276129032258,0.0,15.748709677419356,5.347096774193548,928.6662580645161,,
1982-11-30,1982.0,319.5,5.2905999999999995,147.59473333333332,0.8503999999999999,8.441533333333334,1.7069333333333332,738.0706,,
1982-12-31,1982.0,350.0,3.899290322580645,133.98883870967742,0.27,5.506258064516129,-1.597483870967742,603.5723870967743,,
1983-01-31,1983.0,16.0,1.2342580645161292,181.19193548387096,54.00354838709677,-0.2581935483870968,-6.238709677419355,410.63819354838705,,
1983-02-28,1983.0,45.5,1.9375714285714287,266.87021428571427,36.268571428571434,1.4880714285714287,-5.766857142857143,423.24357142857144,,
1983-03-31,1983.0,75.0,1.8098709677419358,313.12438709677417,6.57,5.879096774193548,-2.3476129032258064,541.9488387096775,,
1983-04-30,1983.0,105.5,3.9683333333333337,362.61286666666666,0.017933333333333332,10.273533333333333,1.6337999999999997,698.6427333333334,,
1983-05-31,1983.0,136.0,4.455225806451613,378.87329032258066,0.0,15.487741935483871,5.265354838709678,915.8297419354838,,
1983-06-30,1983.0,166.5,2.1932,428.37406666666664,0.0,24.801466666666663,12.383,1478.2404000000001,,
1983-07-31,1983.0,197.0,4.735741935483871,362.3516774193548,0.0,27.53767741935484,16.532838709677417,1929.3049032258066,,
1983-08-31,1983.0,228.0,3.5998709677419356,352.05,0.0,26.362129032258064,16.280967741935484,1878.3319999999999,,
1983-09-30,1983.0,258.5,1.7869333333333337,326.66113333333334,0.0,22.389533333333333,11.635866666666667,1440.2087999999999,,
1983-10-31,1983.0,289.0,2.737870967741935,231.49167741935486,0.0,14.463612903225805,6.087096774193548,994.448322580645,,
1983-11-30,1983.0,319.5,3.517133333333333,153.6714,0.0,7.4616,0.6872,661.722,,
1983-12-31,1983.0,350.0,4.590903225806452,147.24683870967743,24.97032258064516,-2.7552258064516133,-9.061354838709677,343.4952903225807,,
1984-01-31,1984.0,16.0,1.806774193548387,185.85729032258064,34.824064516129035,-4.369354838709677,-12.98083870967742,265.70412903225804,,
1984-02-29,1984.0,46.0,3.1938620689655175,226.13406896551723,40.57241379310345,2.6646206896551723,-4.706620689655172,466.8922068965518,,
1984-03-31,1984.0,76.0,1.972258064516129,344.37251612903225,60.43696774193548,-0.020129032258064526,-7.898838709677419,367.37477419354843,,
1984-04-30,1984.0,106.5,2.5166666666666666,400.89393333333334,18.86913333333333,12.0318,2.519333333333333,749.3980666666666,,
1984-05-31,1984.0,137.0,3.873225806451613,367.7030322580646,0.0,15.303935483870967,5.808645161290323,950.5070322580644,,
1984-06-30,1984.0,167.5,3.969266666666667,394.02433333333335,0.0,24.40706666666667,13.448666666666668,1574.5747333333334,,
1984-07-31,1984.0,198.0,1.9300000000000002,396.9652258064516,0.0,25.28677419354839,14.263419354838708,1651.4569677419356,,
1984-08-31,1984.0,229.0,2.863677419354839,345.0066451612903,0.0,25.96709677419355,15.865612903225806,1845.925806451613,,
1984-09-30,1984.0,259.5,4.055866666666667,290.0337333333333,0.0,19.278066666666668,10.1858,1297.1119999999999,,
1984-10-31,1984.0,290.0,1.1485806451612903,251.11793548387095,0.0,16.310903225806452,6.908451612903226,1027.6015483870967,,
1984-11-30,1984.0,320.5,3.1309333333333336,162.50493333333333,0.015733333333333332,7.596866666666666,-0.4454666666666666,617.5981333333333,,
1984-12-31,1984.0,350.5,3.1342666666666665,145.67253333333332,9.375466666666666,3.8718666666666666,-3.3235333333333337,500.0971333333333,,
1985-01-31,1985.0,16.0,2.3734838709677417,183.2514193548387,63.42167741935484,-3.9288387096774193,-10.499870967741936,291.47432258064515,,
1985-02-28,1985.0,45.5,4.0435,256.2885,120.61057142857143,-1.752,-9.450857142857142,338.09285714285716,,
1985-03-31,1985.0,75.0,4.445161290322581,364.4757419354839,149.18245161290324,5.022387096774194,-3.1593548387096773,506.0298064516129,,
1985-04-30,1985.0,105.5,1.6030000000000002,465.87346666666673,81.2748,14.1488,2.8702666666666667,792.3103333333333,,
1985-05-31,1985.0,136.0,2.709677419354839,381.0544516129032,1.0134838709677418,19.916709677419355,8.277225806451614,1129.3414193548385,,
1985-06-30,1985.0,166.5,2.7766,389.44646666666665,0.0,21.508933333333335,10.8476,1306.7370666666668,,
1985-07-31,1985.0,197.0,2.479806451612903,381.21406451612904,0.0,25.081935483870968,14.696451612903227,1686.3685806451613,,
1985-08-31,1985.0,228.0,4.421032258064516,341.2243870967742,0.0,24.655677419354838,14.400193548387097,1662.9962580645163,,
1985-09-30,1985.0,258.5,2.6033333333333335,317.5632,0.0,22.213266666666666,11.888200000000001,1479.6281333333332,,
1985-10-31,1985.0,289.0,3.791548387096774,230.3541935483871,0.0,15.080193548387097,6.013806451612903,966.8907096774194,,
1985-11-30,1985.0,319.5,7.006733333333334,127.27306666666668,0.0,7.313933333333333,1.6916666666666669,715.6535333333334,,
1985-12-31,1985.0,350.0,2.891032258064516,157.40754838709677,17.312193548387096,-1.7212258064516128,-8.092967741935485,361.306064516129,,
1986-01-31,1986.0,16.0,1.4253548387096775,173.4298064516129,6.3674838709677415,-1.7561935483870967,-8.623870967741935,352.6356774193548,,
1986-02-28,1986.0,45.5,2.7987142857142855,244.3207857142857,34.62078571428572,-2.584357142857143,-8.973214285714285,335.9777857142857,,
1986-03-31,1986.0,75.0,1.7440645161290322,346.5405161290322,32.157612903225804,5.531806451612903,-3.599677419354839,516.7836129032258,,
1986-04-30,1986.0,105.5,2.8574,358.6356,0.012266666666666667,13.4352,2.667066666666667,759.9605333333333,,
1986-05-31,1986.0,136.0,3.055032258064516,371.2887096774194,0.0,19.863935483870968,9.491612903225807,1217.4352258064516,,
1986-06-30,1986.0,166.5,3.2050666666666663,385.17766666666665,0.0,22.690466666666666,11.7422,1413.5240666666666,,
1986-07-31,1986.0,197.0,2.947806451612903,369.5627096774193,0.0,26.121419354838714,15.627290322580645,1807.4629677419355,,
1986-08-31,1986.0,228.0,3.0294193548387094,373.870064516129,0.0,24.098193548387094,13.209870967741935,1570.7725806451613,,
1986-09-30,1986.0,258.5,4.906466666666667,276.5407333333334,0.0,20.447066666666665,10.807066666666667,1354.9702,,
1986-10-31,1986.0,289.0,2.6497419354838714,240.1327741935484,0.0,14.020193548387095,5.486387096774193,940.7716774193548,,
1986-11-30,1986.0,319.5,2.4234666666666667,171.70673333333332,1.1085999999999998,5.576333333333333,-1.886,553.3752,,
1986-12-31,1986.0,350.0,3.543483870967742,117.60245161290322,7.790064516129033,1.0776774193548389,-3.594903225806452,480.8341935483871,,
1987-01-31,1987.0,16.0,1.958258064516129,160.74516129032259,7.679612903225807,-1.2805806451612902,-7.433548387096775,380.0334193548387,,
1987-02-28,1987.0,45.5,0.7188571428571429,293.3514285714285,16.5375,-0.004285714285714309,-9.045214285714286,331.49071428571426,,
1987-03-31,1987.0,75.0,2.2769677419354837,328.64393548387096,3.487483870967742,6.8273548387096765,-2.9681290322580645,503.8929677419354,,
1987-04-30,1987.0,105.5,2.0826666666666664,363.648,0.8919333333333335,13.944066666666666,3.485333333333333,793.1825333333334,,
1987-05-31,1987.0,136.0,0.959225806451613,414.79812903225803,0.0,21.336645161290324,8.654516129032258,1099.3445806451614,,
1987-06-30,1987.0,166.5,2.404466666666667,375.471,0.0,25.554000000000002,13.872733333333333,1504.1197333333334,,
1987-07-31,1987.0,197.0,1.5723225806451613,391.2923225806452,0.0,27.942774193548388,17.25058064516129,1765.3491612903224,,
1987-08-31,1987.0,228.0,3.678322580645161,340.34270967741935,0.0,24.42677419354839,14.576774193548388,1685.9802580645162,,
1987-09-30,1987.0,258.5,2.2291333333333334,298.73906666666664,0.0,20.780266666666666,11.519533333333333,1392.8108,,
1987-10-31,1987.0,289.0,2.629225806451613,245.21335483870968,0.0,11.973225806451612,2.428967741935484,747.6013548387097,,
1987-11-30,1987.0,319.5,3.466133333333333,156.07486666666665,0.036533333333333334,7.902933333333334,0.6782666666666668,684.0016666666667,,
1987-12-31,1987.0,350.0,2.793806451612903,120.80025806451613,0.03961290322580645,2.793290322580645,-2.4984516129032257,527.3201935483871,,
1988-01-31,1988.0,16.0,1.6701290322580644,185.92600000000002,21.30425806451613,-0.9571612903225806,-9.023290322580646,350.0289032258064,,
1988-02-29,1988.0,46.0,2.769034482758621,249.02144827586207,50.40317241379311,-1.5168275862068965,-9.982965517241379,309.29427586206896,,
1988-03-31,1988.0,76.0,1.5639354838709678,343.5396774193548,60.9663870967742,4.814903225806452,-4.161741935483871,475.1137419354838,,
1988-04-30,1988.0,106.5,2.1889333333333334,378.3593333333333,6.3815333333333335,11.536533333333335,1.5872,692.9319333333333,,
1988-05-31,1988.0,137.0,1.7730322580645161,418.4778709677419,0.0,20.71025806451613,8.451548387096773,1071.5232903225806,,
1988-06-30,1988.0,167.5,0.31806666666666666,439.14133333333336,0.0,25.454866666666668,11.4596,1216.3885333333333,,
1988-07-31,1988.0,198.0,5.915032258064516,362.51032258064515,0.0,29.316322580645163,16.27916129032258,1627.8270322580647,,
1988-08-31,1988.0,229.0,2.827161290322581,341.48387096774195,0.0,26.87806451612903,16.396193548387096,1934.8878709677417,,
1988-09-30,1988.0,259.5,3.0616,299.8166,0.0,20.6926,10.657333333333332,1328.5228000000002,,
1988-10-31,1988.0,290.0,4.249096774193548,206.93270967741938,0.012387096774193548,10.76258064516129,3.317677419354838,818.9170322580645,,
1988-11-30,1988.0,320.5,3.6436,158.37606666666665,0.0,8.3704,1.5785333333333333,700.4866666666667,,
1988-12-31,1988.0,350.5,2.9391333333333334,148.42873333333335,14.571666666666667,0.9981333333333333,-5.848599999999999,420.8810666666667,,
1989-01-31,1989.0,16.0,1.5543870967741935,194.24509677419354,69.61103225806451,2.1293548387096775,-5.461935483870968,430.62987096774197,,
1989-02-28,1989.0,45.5,1.017642857142857,244.9477857142857,59.265214285714286,-2.686857142857143,-8.6545,338.87128571428576,,
1989-03-31,1989.0,75.0,1.838064516129032,359.16677419354835,59.38587096774194,3.645225806451613,-5.0053548387096765,458.2210967741935,,
1989-04-30,1989.0,105.5,2.0902000000000003,397.56260000000003,7.636,9.876066666666667,0.5475999999999999,642.8729333333333,,
1989-05-31,1989.0,136.0,3.581225806451613,363.8153548387097,0.0,17.82116129032258,8.197032258064516,1089.4732258064516,,
1989-06-30,1989.0,166.5,3.4803333333333333,359.5722666666667,0.0,23.0998,13.765199999999998,1600.6999333333333,,
1989-07-31,1989.0,197.0,2.0298064516129033,401.7712258064516,0.0,27.388387096774192,15.486322580645162,1787.4992903225807,,
1989-08-31,1989.0,228.0,1.4893548387096776,372.25070967741937,0.0,25.343548387096774,13.981225806451613,1638.8465161290321,,
1989-09-30,1989.0,258.5,3.5046,304.27846666666665,0.0,20.6984,10.834866666666667,1381.9084666666665,,
1989-10-31,1989.0,289.0,2.724774193548387,245.83709677419355,0.0,15.178516129032257,4.892838709677418,888.7576774193549,,
1989-11-30,1989.0,319.5,4.232733333333334,144.69,0.07053333333333334,6.176466666666667,-0.8437999999999999,613.9689333333333,,
1989-12-31,1989.0,350.0,2.201225806451613,169.42393548387096,19.041354838709676,-4.993354838709677,-12.705806451612904,246.5244516129032,,
1990-01-31,1990.0,16.0,2.3941935483870966,164.41774193548386,4.79941935483871,2.532258064516129,-3.6376129032258064,478.08974193548386,,
1990-02-28,1990.0,45.5,3.9216428571428574,237.91871428571432,6.789071428571428,1.340642857142857,-6.579142857142857,399.88135714285715,,
1990-03-31,1990.0,75.0,1.8391612903225805,300.1252903225806,4.855612903225806,5.664451612903226,-2.390774193548387,566.5845161290323,,
1990-04-30,1990.0,105.5,2.555133333333333,373.89526666666666,0.0,13.205066666666667,3.504266666666667,850.7398666666666,,
1990-05-31,1990.0,136.0,3.7553548387096773,377.58774193548385,0.0,17.21851612903226,6.537999999999999,995.377806451613,,
1990-06-30,1990.0,166.5,2.6338,376.6746,0.0,23.447333333333333,13.076733333333333,1536.9357333333332,,
1990-07-31,1990.0,197.0,2.6189677419354838,383.79270967741934,0.0,25.730387096774194,15.308129032258066,1758.945612903226,,
1990-08-31,1990.0,228.0,4.01941935483871,344.9274838709677,0.0,25.06716129032258,14.66374193548387,1694.748,,
1990-09-30,1990.0,258.5,3.7704,297.21053333333333,0.0,20.65373333333333,10.987133333333333,1358.9288666666666,,
1990-10-31,1990.0,289.0,3.4954838709677416,232.64032258064518,0.0,14.241806451612902,5.1017419354838704,924.0960645161289,,
1990-11-30,1990.0,319.5,3.1756,171.28413333333333,0.0,9.602,0.8191333333333333,678.2195333333333,,
1990-12-31,1990.0,350.0,6.2064516129032254,131.64793548387098,2.4989032258064516,3.2465161290322584,-3.8402580645161293,489.09122580645163,,
1991-01-31,1991.0,16.0,1.6898064516129032,180.22329032258065,30.860193548387098,-1.4907741935483871,-8.457806451612903,344.8668387096774,,
1991-02-28,1991.0,45.5,1.4342142857142857,243.15378571428573,28.003357142857148,1.6547142857142858,-5.287428571428572,440.2114285714286,,
1991-03-31,1991.0,75.0,3.280645161290323,308.4250322580645,11.279096774193548,5.994903225806452,-2.189741935483871,542.109741935484,,
1991-04-30,1991.0,105.5,3.122466666666667,341.87306666666666,0.0,13.532333333333332,4.511933333333333,889.7144666666667,,
1991-05-31,1991.0,136.0,1.9598709677419357,397.91677419354835,0.0,22.586387096774196,11.196516129032258,1402.0286451612903,,
1991-06-30,1991.0,166.5,1.1204666666666667,405.27779999999996,0.0,26.066399999999998,13.886466666666667,1569.6988666666668,,
1991-07-31,1991.0,197.0,4.612709677419355,383.8078064516129,0.0,27.277935483870966,15.20432258064516,1701.7056774193547,,
1991-08-31,1991.0,228.0,1.9948387096774194,354.72606451612904,0.0,26.33058064516129,15.549548387096774,1770.262322580645,,
1991-09-30,1991.0,258.5,1.4902666666666664,336.6003333333333,0.0,21.261599999999998,9.293733333333332,1250.1148,,
1991-10-31,1991.0,289.0,3.383096774193548,223.06716129032256,0.0,15.534,6.380774193548387,1010.1173548387096,,
1991-11-30,1991.0,319.5,2.878333333333333,159.60866666666666,0.16073333333333334,6.495666666666667,-0.6984666666666668,613.9722666666667,,
1991-12-31,1991.0,350.0,2.3871612903225805,151.07632258064515,12.545677419354838,2.5153548387096776,-5.0203870967741935,451.81206451612906,,
1992-01-31,1992.0,16.0,2.4335483870967742,160.39587096774193,14.468709677419355,-0.09399999999999997,-6.592516129032258,406.22490322580643,,
1992-02-29,1992.0,46.0,2.059103448275862,232.97565517241378,15.260758620689653,0.9707586206896552,-6.353310344827586,416.02710344827585,,
1992-03-31,1992.0,76.0,1.7581935483870967,335.7865806451613,2.7296774193548385,4.406516129032258,-4.580709677419355,469.46141935483865,,
1992-04-30,1992.0,106.5,3.6356,342.37873333333334,0.0,10.115866666666665,1.3683333333333334,706.9603333333333,,
1992-05-31,1992.0,137.0,1.4766451612903226,422.44051612903223,0.0,19.393548387096775,7.062129032258065,1011.9412258064516,,
1992-06-30,1992.0,167.5,2.0232,391.9712,0.0,22.5586,10.555133333333334,1268.6572666666666,,
1992-07-31,1992.0,198.0,6.6819999999999995,326.00141935483873,0.0,23.530645161290323,14.327612903225807,1655.5227096774192,,
1992-08-31,1992.0,229.0,4.126516129032258,348.9955483870968,0.0,23.133548387096774,13.139806451612904,1547.5634193548387,,
1992-09-30,1992.0,259.5,3.7409999999999997,304.33826666666664,0.0,20.843200000000003,10.727866666666667,1368.8897333333334,,
1992-10-31,1992.0,290.0,2.6443870967741936,250.18464516129035,0.0,13.12858064516129,2.9760645161290324,789.9005806451612,,
1992-11-30,1992.0,320.5,5.031266666666666,137.1624,0.7055333333333333,6.625733333333334,0.9177333333333333,676.4721333333333,,
1992-12-31,1992.0,350.5,3.0148,139.5562,0.24093333333333336,1.8385333333333331,-4.367533333333332,465.95846666666665,,
1993-01-31,1993.0,16.0,4.386193548387096,167.732,16.726,0.3343225806451613,-6.030903225806452,409.0768387096774,,
1993-02-28,1993.0,45.5,1.4037857142857142,275.09635714285713,30.75985714285714,-2.839,-11.287142857142857,283.58335714285715,,
1993-03-31,1993.0,75.0,2.1636774193548387,320.77774193548385,38.71490322580645,2.396,-5.383290322580645,447.814,,
1993-04-30,1993.0,105.5,2.8968,380.4216,2.572866666666667,12.307,1.9044666666666668,718.1464,,
1993-05-31,1993.0,136.0,1.9711612903225806,403.00290322580645,0.0,19.12361290322581,6.712967741935484,988.064258064516,,
1993-06-30,1993.0,166.5,4.035533333333333,368.2484,0.0,23.459733333333332,12.5616,1486.5912,,
1993-07-31,1993.0,197.0,1.1736129032258065,389.0630967741935,0.0,27.444709677419354,16.232709677419354,1870.4084516129035,,
1993-08-31,1993.0,228.0,1.3411612903225807,371.2791612903226,0.0,27.324387096774196,15.135419354838708,1743.0569032258068,,
1993-09-30,1993.0,258.5,2.9284,292.2307333333333,0.0,18.782066666666665,9.281666666666666,1220.3900666666666,,
1993-10-31,1993.0,289.0,3.1247096774193546,248.37561290322577,0.0,13.47141935483871,3.500645161290322,814.9952258064516,,
1993-11-30,1993.0,319.5,2.3084,162.81253333333333,0.0,7.172866666666667,-0.039999999999999994,626.3148666666666,,
1993-12-31,1993.0,350.0,1.4930967741935484,148.10348387096775,1.2003225806451614,0.8884516129032258,-5.489870967741935,450.858,,
1994-01-31,1994.0,16.0,3.2965806451612907,184.0029677419355,41.92974193548387,-6.280516129032258,-14.753032258064517,226.21187096774193,,
1994-02-28,1994.0,45.5,1.3576428571428572,281.604,101.47321428571429,-2.270857142857143,-12.494714285714286,273.1340714285714,,
1994-03-31,1994.0,75.0,2.316516129032258,331.436,114.32154838709678,3.9321935483870964,-4.4875483870967745,459.05490322580647,,
1994-04-30,1994.0,105.5,3.225,450.73099999999994,63.699666666666666,13.552600000000002,2.0122666666666666,741.3339333333333,,
1994-05-31,1994.0,136.0,2.227225806451613,405.25109677419357,1.3766451612903225,17.682193548387097,5.9310322580645165,954.6332903225806,,
1994-06-30,1994.0,166.5,3.5116666666666667,360.6552,0.0,25.396,13.781866666666668,1622.8048666666668,,
1994-07-31,1994.0,197.0,3.379806451612903,372.50967741935483,0.0,26.836064516129035,16.26464516129032,1877.5577419354838,,
1994-08-31,1994.0,228.0,2.533806451612903,364.77529032258064,0.0,24.366258064516128,13.878258064516128,1621.880064516129,,
1994-09-30,1994.0,258.5,1.7474,324.1743333333333,0.0,21.807266666666667,10.3732,1301.982,,
1994-10-31,1994.0,289.0,1.7118709677419353,257.3187741935484,0.0,15.823161290322583,5.082967741935484,908.0325806451613,,
1994-11-30,1994.0,319.5,3.178533333333333,160.644,0.325,10.200999999999999,2.2409333333333334,762.3475999999999,,
1994-12-31,1994.0,350.0,2.4161935483870964,151.1945806451613,3.890838709677419,3.9034838709677415,-3.219032258064516,518.5965161290322,,
1995-01-31,1995.0,16.0,4.4073548387096775,168.99109677419355,15.029096774193548,0.9412258064516129,-5.2543870967741935,455.50967741935483,,
1995-02-28,1995.0,45.5,1.2605714285714287,276.7794285714286,15.9685,-2.0479285714285718,-10.47435714285714,298.9052142857143,,
1995-03-31,1995.0,75.0,1.8549032258064515,344.7150322580645,11.675483870967742,7.63658064516129,-2.983032258064516,522.0593548387096,,
1995-04-30,1995.0,105.5,2.7013333333333334,351.05013333333335,0.09073333333333333,9.666266666666667,0.006599999999999939,626.6591999999999,,
1995-05-31,1995.0,136.0,2.7051612903225806,400.2425806451613,0.0,19.088774193548385,7.955548387096774,1063.192064516129,,
1995-06-30,1995.0,166.5,2.2416,397.38233333333335,0.0,26.397399999999998,14.4198,1634.3186666666666,,
1995-07-31,1995.0,197.0,1.6251612903225805,369.1807096774194,0.0,27.522000000000002,16.447419354838708,1892.6689032258066,,
1995-08-31,1995.0,228.0,2.5063870967741932,358.5861290322581,0.0,28.136967741935486,17.079741935483874,1972.4376129032257,,
1995-09-30,1995.0,258.5,1.2442,331.09493333333336,0.0,21.1978,8.814133333333334,1169.1616666666666,,
1995-10-31,1995.0,289.0,5.973548387096774,214.35064516129032,0.0,15.922645161290324,6.861419354838711,1018.2717419354838,,
1995-11-30,1995.0,319.5,5.121533333333334,150.6616,0.17066666666666666,4.729733333333334,-1.7893999999999999,553.6765333333334,,
1995-12-31,1995.0,350.0,1.2531612903225806,157.7634193548387,15.20716129032258,-1.0895483870967742,-7.556193548387097,368.6954193548387,,
1996-01-31,1996.0,16.0,3.5355483870967737,183.58451612903227,21.858645161290323,-2.1750967741935483,-10.471548387096774,314.49948387096777,,
1996-02-29,1996.0,46.0,1.7846206896551724,255.4088275862069,35.219793103448275,-1.2375172413793103,-9.388620689655173,363.66124137931035,,
1996-03-31,1996.0,76.0,1.6715483870967742,376.0854193548387,32.53974193548387,2.436387096774194,-7.018709677419355,387.86341935483875,,
1996-04-30,1996.0,106.5,5.4905333333333335,356.9272666666667,8.2118,9.640600000000001,0.36813333333333337,651.2462666666667,,
1996-05-31,1996.0,137.0,3.7321290322580642,405.1135483870968,0.0,17.378645161290322,6.972580645161291,1047.7777419354838,,
1996-06-30,1996.0,167.5,3.9122,354.2361333333333,0.0,23.973866666666666,14.492066666666668,1676.6477333333332,,
1996-07-31,1996.0,198.0,4.240709677419355,371.60109677419354,0.0,25.159225806451612,14.650967741935483,1689.7004516129032,,
1996-08-31,1996.0,229.0,1.4458064516129032,385.51851612903226,0.0,26.466129032258067,15.008322580645162,1728.1921290322582,,
1996-09-30,1996.0,259.5,7.2510666666666665,272.52433333333335,0.0,20.995133333333335,11.7894,1417.2884,,
1996-10-31,1996.0,290.0,2.416967741935484,244.87819354838712,0.0,14.596838709677419,5.662516129032258,941.9383225806453,,
1996-11-30,1996.0,320.5,1.3619333333333334,170.82366666666667,0.41566666666666663,4.531333333333333,-2.2829333333333333,543.6241333333334,,
1996-12-31,1996.0,350.5,3.4774000000000003,128.53426666666667,1.6003333333333334,3.0032666666666668,-2.4841333333333333,527.9044,,
1997-01-31,1997.0,16.0,2.637870967741935,173.05277419354837,21.99716129032258,-1.3216774193548386,-9.495935483870968,325.3256129032258,,
1997-02-28,1997.0,45.5,3.758,251.8112857142857,46.29935714285714,1.9762857142857144,-6.171714285714286,414.50828571428576,,
1997-03-31,1997.0,75.0,3.6648387096774195,318.62600000000003,50.97548387096774,4.422387096774194,-3.4457419354838708,493.30412903225806,,
1997-04-30,1997.0,105.5,1.4795333333333334,418.40606666666673,15.688600000000003,11.119,0.35340000000000005,648.6676,,
1997-05-31,1997.0,136.0,4.266967741935484,359.92509677419355,0.0,14.386774193548387,4.67541935483871,870.7647096774193,,
1997-06-30,1997.0,166.5,3.1357333333333335,393.8552,0.0,24.752066666666668,13.835133333333335,1613.3446,,
1997-07-31,1997.0,197.0,3.3193548387096774,366.6085806451613,0.0,25.441225806451612,15.255419354838711,1772.768064516129,,
1997-08-31,1997.0,228.0,2.442322580645161,343.97225806451615,0.0,23.480451612903227,13.896193548387098,1611.190193548387,,
1997-09-30,1997.0,258.5,2.304933333333333,316.0242666666667,0.0,20.737666666666666,11.242,1371.4023333333334,,
1997-10-31,1997.0,289.0,1.846516129032258,253.50206451612902,0.0,14.992129032258063,5.1647741935483875,933.8084516129032,,
1997-11-30,1997.0,319.5,2.449933333333333,157.54353333333333,1.5235333333333334,5.6496,-0.5818000000000001,610.7687333333333,,
1997-12-31,1997.0,350.0,1.6836129032258065,124.13387096774196,0.2149032258064516,1.8768387096774195,-2.9671612903225806,503.457935483871,,
1998-01-31,1998.0,16.0,3.5994193548387097,162.3176129032258,12.001225806451611,1.83458064516129,-4.3991612903225805,473.1130322580645,,
1998-02-28,1998.0,45.5,1.4748571428571426,234.5085,6.394928571428571,3.6855714285714285,-2.9603571428571427,505.9414285714286,,
1998-03-31,1998.0,75.0,3.6581935483870973,305.03058064516125,6.126064516129032,6.2296129032258065,-1.3670967741935485,623.2456129032258,,
1998-04-30,1998.0,105.5,2.2771999999999997,387.1612666666667,0.0,13.758933333333335,3.012666666666667,774.1292,,
1998-05-31,1998.0,136.0,1.227032258064516,398.7883225806452,0.0,22.759870967741936,11.376774193548385,1349.5774838709679,,
1998-06-30,1998.0,166.5,1.7337333333333333,376.60286666666667,0.0,24.302,13.334800000000001,1534.8841333333335,,
1998-07-31,1998.0,197.0,3.217225806451613,384.4791612903226,0.0,26.52258064516129,15.594709677419354,1715.385935483871,,
1998-08-31,1998.0,228.0,1.2673548387096776,362.1606451612903,0.0,26.88741935483871,16.08225806451613,1827.0872258064514,,
1998-09-30,1998.0,258.5,1.4669999999999999,333.42539999999997,0.0,24.450333333333333,12.235133333333334,1460.8723333333332,,
1998-10-31,1998.0,289.0,0.8418709677419354,254.47129032258067,0.0,16.516387096774192,6.062967741935484,961.150129032258,,
1998-11-30,1998.0,319.5,1.6889333333333334,165.7296,0.0,8.9572,1.2179333333333333,685.5356666666667,,
1998-12-31,1998.0,350.0,1.754774193548387,159.26812903225806,1.4352903225806453,4.995161290322581,-2.815741935483871,552.36,,
1999-01-31,1999.0,16.0,4.308387096774194,175.47967741935483,72.33303225806452,-1.7495483870967743,-9.96632258064516,323.7290967741936,,
1999-02-28,1999.0,45.5,1.746142857142857,268.50514285714286,72.29107142857143,2.6225714285714288,-5.2362142857142855,432.7495,,
1999-03-31,1999.0,75.0,1.254709677419355,382.24225806451614,81.23896774193548,4.047483870967742,-4.6579354838709675,457.85625806451617,,
1999-04-30,1999.0,105.5,2.0828,392.02846666666665,16.160466666666668,13.0404,2.6879333333333335,733.8058,,
1999-05-31,1999.0,136.0,1.790774193548387,405.09754838709677,0.0,21.252387096774193,8.866580645161289,1031.3728387096774,,
1999-06-30,1999.0,166.5,2.4394666666666667,390.27740000000006,0.0,25.230733333333337,14.509800000000002,1560.3876,,
1999-07-31,1999.0,197.0,1.4099354838709677,391.2862580645161,0.0,28.965999999999998,17.58238709677419,1880.4471612903228,,
1999-08-31,1999.0,228.0,2.2821290322580645,344.22987096774193,0.0,24.907290322580643,14.455612903225807,1642.1052903225805,,
1999-09-30,1999.0,258.5,4.6903999999999995,320.4646,0.0,23.132133333333336,11.6882,1407.3178,,
1999-10-31,1999.0,289.0,2.817354838709677,235.52058064516126,0.0,14.526258064516128,4.9879999999999995,898.3229677419355,,
1999-11-30,1999.0,319.5,2.5244,166.95426666666668,0.0,9.6174,1.9510666666666665,731.2289333333333,,
1999-12-31,1999.0,350.0,2.3977419354838707,148.2933548387097,0.6829677419354839,3.3082580645161292,-3.7790967741935484,503.1104516129032,,
2000-01-31,2000.0,16.0,1.4690322580645163,196.25251612903224,32.791548387096775,-0.7363870967741935,-9.127548387096775,346.9753548387097,,
2000-02-29,2000.0,46.0,1.6259310344827587,260.946,43.50137931034483,2.406896551724138,-6.189172413793104,422.3496551724138,,
2000-03-31,2000.0,76.0,1.1363225806451613,333.6719354838709,12.08741935483871,9.130451612903226,-0.26625806451612904,610.9849677419354,,
2000-04-30,2000.0,106.5,2.5797333333333334,371.5758666666667,0.0,11.561466666666666,1.9095333333333335,682.9684666666667,,
2000-05-31,2000.0,137.0,3.6565161290322576,376.5232258064516,0.0,19.58838709677419,8.928516129032257,1148.5652258064515,,
2000-06-30,2000.0,167.5,6.9534,364.2158666666666,0.0,23.94533333333333,13.7346,1597.2721999999999,,
2000-07-31,2000.0,198.0,4.598129032258064,373.6027741935484,0.0,24.61709677419355,14.659161290322581,1694.7531612903226,,
2000-08-31,2000.0,229.0,2.8023870967741935,362.5217419354839,0.0,24.636064516129032,14.835354838709677,1722.8871612903226,,
2000-09-30,2000.0,259.5,3.7689999999999997,314.8078,0.0,20.694666666666667,10.945666666666666,1384.0826,,
2000-10-31,2000.0,290.0,1.2294193548387098,244.5795483870968,0.0,16.02206451612903,6.723354838709677,1026.9787741935484,,
2000-11-30,2000.0,320.5,1.8208666666666666,149.481,0.18353333333333333,7.134066666666667,0.3974,662.2650666666666,,
2000-12-31,2000.0,350.5,3.0297333333333336,176.64793333333333,20.547733333333333,-2.8638,-10.703133333333334,286.64773333333335,,
2001-01-31,2001.0,16.0,1.6772903225806453,175.57806451612902,12.011032258064516,-0.9608387096774195,-6.933677419354839,385.6654193548387,,
2001-02-28,2001.0,45.5,2.9856428571428575,248.69885714285715,10.737714285714286,0.9775714285714285,-6.023857142857143,405.2282142857143,,
2001-03-31,2001.0,75.0,1.5131612903225808,335.2952903225806,19.100451612903225,3.133741935483871,-4.094387096774193,462.9681935483871,,
2001-04-30,2001.0,105.5,2.7324666666666664,398.563,0.6547333333333334,13.878933333333332,2.5387333333333335,756.7818666666666,,
2001-05-31,2001.0,136.0,3.412516129032258,366.7483870967742,0.0,19.74774193548387,8.937612903225807,1139.519677419355,,
2001-06-30,2001.0,166.5,2.0855333333333332,393.3537333333333,0.0,24.216666666666665,13.7404,1593.2567333333332,,
2001-07-31,2001.0,197.0,0.5021290322580645,408.9731612903226,0.0,26.223548387096777,14.963999999999999,1696.798193548387,,
2001-08-31,2001.0,228.0,1.7035483870967743,361.53851612903225,0.0,27.671161290322583,16.32535483870968,1790.6607741935484,,
2001-09-30,2001.0,258.5,2.23,320.3118666666667,0.0,21.391266666666667,10.7292,1229.1132000000002,,
2001-10-31,2001.0,289.0,4.656000000000001,217.6467741935484,0.0,14.812322580645162,6.6259354838709665,1022.8572258064517,,
2001-11-30,2001.0,319.5,2.303066666666667,175.71666666666667,0.0,11.519133333333333,3.6632666666666664,821.2814666666667,,
2001-12-31,2001.0,350.0,2.3662580645161286,133.12548387096774,1.2489677419354839,4.755225806451612,-1.561225806451613,576.3436774193549,,
2002-01-31,2002.0,16.0,2.114387096774194,159.19561290322582,0.09006451612903227,2.3896774193548387,-3.719032258064516,487.26290322580644,,
2002-02-28,2002.0,45.5,1.6436428571428572,240.59278571428572,0.6164285714285713,2.6112142857142855,-5.0645,440.05649999999997,,
2002-03-31,2002.0,75.0,2.369290322580645,322.05683870967744,0.9163225806451614,5.384064516129032,-3.4466451612903226,492.994,,
2002-04-30,2002.0,105.5,3.4718000000000004,347.4832666666667,0.0,12.192933333333333,3.2602,828.4617333333333,,
2002-05-31,2002.0,136.0,3.5598709677419356,386.9709677419355,0.0,15.854645161290325,5.412645161290323,943.1275483870968,,
2002-06-30,2002.0,166.5,2.136,387.1281333333333,0.0,24.668866666666666,13.945600000000002,1633.0880666666667,,
2002-07-31,2002.0,197.0,2.2842580645161292,389.9711612903226,0.0,28.88283870967742,17.07083870967742,1957.867806451613,,
2002-08-31,2002.0,228.0,0.8213548387096774,368.19335483870964,0.0,27.187806451612904,16.02709677419355,1810.334064516129,,
2002-09-30,2002.0,258.5,2.459533333333334,322.3720666666667,0.0,25.13233333333333,13.124533333333332,1479.2688666666666,,
2002-10-31,2002.0,289.0,2.1063225806451613,221.86774193548385,0.0,13.22309677419355,5.045032258064516,945.9827741935484,,
2002-11-30,2002.0,319.5,2.1487333333333334,157.356,0.0,6.517333333333333,0.43726666666666664,658.643,,
2002-12-31,2002.0,350.0,1.617483870967742,149.4134193548387,4.4801290322580645,0.7772258064516129,-5.644129032258065,425.1616774193549,,
2003-01-31,2003.0,16.0,0.8938064516129032,190.03406451612904,9.52316129032258,-4.186193548387097,-11.395225806451613,278.83909677419354,,
2003-02-28,2003.0,45.5,1.8115714285714286,268.81135714285716,25.683999999999997,-2.559785714285714,-10.852571428571428,292.7575,,
2003-03-31,2003.0,75.0,1.729290322580645,336.4369677419355,28.631870967741936,5.037677419354838,-5.257806451612903,463.8168387096774,,
2003-04-30,2003.0,105.5,2.7836666666666665,383.6101333333333,1.4636666666666667,11.192733333333333,0.5214000000000001,642.7736666666667,,
2003-05-31,2003.0,136.0,3.788322580645162,356.44167741935485,0.0,16.966774193548385,7.343935483870967,1031.1010967741936,,
2003-06-30,2003.0,166.5,2.321466666666667,398.20933333333335,0.0,22.957666666666665,12.513666666666667,1474.1044666666667,,
2003-07-31,2003.0,197.0,2.9408387096774193,352.1601935483871,0.0,25.827677419354835,15.876967741935482,1824.889806451613,,
2003-08-31,2003.0,228.0,2.460903225806452,360.51122580645165,0.0,26.4838064516129,16.15890322580645,1865.0078064516129,,
2003-09-30,2003.0,258.5,4.952733333333333,301.44079999999997,0.0,21.574266666666666,11.651599999999998,1402.2687333333333,,
2003-10-31,2003.0,289.0,3.645225806451613,241.9826451612903,0.0,13.841290322580644,4.502516129032258,868.5708387096774,,
2003-11-30,2003.0,319.5,4.023333333333333,161.3422,0.058866666666666664,9.325933333333335,1.8566666666666667,727.8930666666666,,
2003-12-31,2003.0,350.0,2.918064516129032,131.26477419354836,0.896709677419355,2.6996774193548387,-3.4781290322580647,490.658,,
2004-01-31,2004.0,16.0,1.7788387096774194,175.794,15.335290322580647,-4.764387096774194,-12.880451612903226,267.29729032258064,,
2004-02-29,2004.0,46.0,1.0624137931034483,272.46206896551723,36.19413793103448,0.4788275862068966,-8.209172413793103,349.1610344827586,,
2004-03-31,2004.0,76.0,3.903935483870968,272.21851612903225,9.355741935483872,5.920387096774194,-1.6282580645161289,579.6345806451612,,
2004-04-30,2004.0,106.5,2.526866666666667,380.94146666666666,0.03506666666666667,12.867533333333332,2.511,766.0129333333333,,
2004-05-31,2004.0,137.0,5.368,353.5355483870968,0.0,19.47367741935484,9.114322580645162,1208.9775483870967,,
2004-06-30,2004.0,167.5,2.171066666666667,392.51193333333333,0.0,23.083999999999996,11.912866666666668,1435.4609333333333,,
2004-07-31,2004.0,198.0,3.222774193548387,345.8529032258065,0.0,25.440774193548386,15.443870967741935,1769.8770967741937,,
2004-08-31,2004.0,229.0,2.186451612903226,355.24038709677416,0.0,23.978516129032258,13.626322580645162,1598.1916774193548,,
2004-09-30,2004.0,259.5,1.4146,353.519,0.0,23.974733333333333,11.248800000000001,1377.2269333333334,,
2004-10-31,2004.0,290.0,2.8390967741935484,202.27909677419353,0.0,15.43864516129032,6.123548387096774,969.1552903225808,,
2004-11-30,2004.0,320.5,3.285,165.0285333333333,0.0,9.1218,1.643733333333333,713.13,,
2004-12-31,2004.0,350.5,3.2021333333333333,146.5694,2.4417999999999997,1.2128,-5.978466666666667,438.36533333333335,,
2005-01-31,2005.0,16.0,3.237161290322581,178.56529032258064,14.935096774193548,-1.9054193548387097,-10.784967741935484,320.2352903225807,,
2005-02-28,2005.0,45.5,2.5823571428571426,250.08800000000002,34.98485714285714,0.7252142857142857,-8.952928571428572,337.4692142857143,,
2005-03-31,2005.0,75.0,1.0212258064516129,360.55593548387094,49.2718064516129,2.860258064516129,-6.505225806451612,405.94335483870964,,
2005-04-30,2005.0,105.5,3.6006666666666667,387.46233333333333,5.815266666666667,13.349066666666667,1.8396666666666668,701.6514,,
2005-05-31,2005.0,136.0,1.2662580645161292,416.74838709677414,0.0,17.720967741935482,5.325096774193549,880.6084516129033,,
2005-06-30,2005.0,166.5,1.7814,384.29306666666673,0.0,27.78066666666667,15.8092,1732.9031333333332,,
2005-07-31,2005.0,197.0,3.2372903225806455,381.51851612903226,0.0,28.879806451612904,16.62025806451613,1803.618064516129,,
2005-08-31,2005.0,228.0,3.136451612903226,354.91812903225804,0.0,27.30690322580645,15.585032258064516,1755.257612903226,,
2005-09-30,2005.0,258.5,3.664066666666667,325.40880000000004,0.0,24.3162,12.073333333333334,1432.9221333333332,,
2005-10-31,2005.0,289.0,1.7865161290322582,222.31432258064515,0.0,15.639806451612904,6.727806451612904,1025.9033548387097,,
2005-11-30,2005.0,319.5,4.181933333333333,180.3248,3.6546000000000007,9.547,0.6511333333333333,682.9764,,
2005-12-31,2005.0,350.0,1.6225161290322583,138.8327741935484,14.18548387096774,-1.0216774193548388,-6.693935483870968,396.37612903225806,,
2006-01-31,2006.0,16.0,3.196387096774193,157.93490322580644,1.2405161290322582,3.8792903225806454,-2.5434838709677416,526.5770967741935,,
2006-02-28,2006.0,45.5,2.823428571428571,247.71642857142857,1.2120714285714285,0.5767142857142857,-6.40142857142857,399.1965714285715,,
2006-03-31,2006.0,75.0,2.9096774193548387,330.6604516129032,8.496193548387097,5.656000000000001,-3.508838709677419,495.22212903225807,,
2006-04-30,2006.0,105.5,2.3191333333333333,384.5169333333334,0.0,14.006333333333334,2.6958,766.6250666666667,,
2006-05-31,2006.0,136.0,2.982,368.702,0.0,19.59083870967742,8.241612903225805,1134.9830322580644,,
2006-06-30,2006.0,166.5,2.262666666666667,396.6456,0.0,24.2184,13.259,1542.1428666666666,,
2006-07-31,2006.0,197.0,4.841483870967742,348.8758064516129,0.0,27.566967741935485,17.18883870967742,1983.5287741935485,,
2006-08-31,2006.0,228.0,3.1226451612903228,353.2425806451613,0.0,25.551935483870967,15.512,1805.0470322580645,,
2006-09-30,2006.0,258.5,5.8759999999999994,293.04699999999997,0.0,19.681,11.100066666666667,1350.7450666666668,,
2006-10-31,2006.0,289.0,5.188451612903226,225.4622580645161,0.0,13.090838709677419,4.732516129032257,883.0472258064516,,
2006-11-30,2006.0,319.5,2.9968666666666666,177.82266666666666,0.0,9.259933333333333,1.6698666666666668,709.9264666666667,,
2006-12-31,2006.0,350.0,2.9836774193548385,133.31812903225807,1.709225806451613,5.247935483870968,-0.9130967741935484,589.8732903225806,,
2007-01-31,2007.0,16.0,3.526967741935484,170.63045161290324,18.906451612903226,1.0440645161290323,-5.693032258064516,441.79903225806447,,
2007-02-28,2007.0,45.5,1.2978571428571428,272.7442142857143,46.36335714285715,-4.3865,-11.985285714285714,265.97807142857147,,
2007-03-31,2007.0,75.0,1.8794193548387095,354.36141935483874,40.67167741935484,5.659161290322581,-3.4561290322580644,511.31006451612905,,
2007-04-30,2007.0,105.5,2.5808666666666666,352.09186666666665,4.599266666666667,10.526666666666667,1.1321999999999999,669.9472,,
2007-05-31,2007.0,136.0,1.086774193548387,434.13748387096774,0.0,20.818967741935484,7.962903225806452,1028.679612903226,,
2007-06-30,2007.0,166.5,0.7840666666666667,427.4945333333333,0.0,26.823066666666666,13.153933333333333,1317.0245333333332,,
2007-07-31,2007.0,197.0,1.6266451612903225,378.5089032258064,0.0,26.34374193548387,14.338709677419354,1409.315935483871,,
2007-08-31,2007.0,228.0,2.502838709677419,351.6256774193549,0.0,26.453032258064518,15.68967741935484,1560.2903225806451,,
2007-09-30,2007.0,258.5,2.6102666666666665,328.6137333333333,0.0,23.548066666666664,11.7562,1388.1026,,
2007-10-31,2007.0,289.0,1.5536129032258064,232.98187096774194,0.0,18.788774193548388,9.45825806451613,1247.7959999999998,,
2007-11-30,2007.0,319.5,2.968333333333333,169.1316,0.06073333333333333,7.059333333333333,-0.7245333333333333,596.4721999999999,,
2007-12-31,2007.0,350.0,3.676903225806451,145.04670967741936,25.686903225806454,1.1272903225806452,-5.248645161290322,423.44864516129036,,
2008-01-31,2008.0,16.0,2.627870967741935,181.1974193548387,21.39974193548387,1.295225806451613,-5.580322580645161,448.87193548387097,,
2008-02-29,2008.0,46.0,4.0008965517241375,257.2995172413793,34.31006896551724,-1.055448275862069,-8.771793103448276,340.4249655172414,,
2008-03-31,2008.0,76.0,3.4643870967741934,325.8221935483871,70.5218064516129,2.5822580645161293,-5.176064516129033,432.13458064516124,,
2008-04-30,2008.0,106.5,1.9799333333333333,442.6114666666666,25.213933333333333,15.049066666666667,3.1046,793.5244,,
2008-05-31,2008.0,137.0,3.153354838709677,386.1468387096774,0.0,16.88832258064516,5.898193548387097,941.1810967741936,,
2008-06-30,2008.0,167.5,3.1201999999999996,344.00926666666663,0.0,24.183866666666667,14.562800000000001,1687.3896666666667,,
2008-07-31,2008.0,198.0,4.469612903225807,376.41761290322586,0.0,26.624903225806452,16.090774193548388,1842.1854838709678,,
2008-08-31,2008.0,229.0,3.2358709677419357,362.600064516129,0.0,24.895548387096774,14.11509677419355,1629.5263225806452,,
2008-09-30,2008.0,259.5,3.8385333333333334,301.6174666666667,0.0,22.4404,12.040600000000001,1434.8817333333334,,
2008-10-31,2008.0,290.0,2.3546451612903225,245.52929032258066,0.0,14.344645161290321,4.473548387096774,862.2245161290323,,
2008-11-30,2008.0,320.5,3.9226,153.1474,3.4732,6.7592,-0.16013333333333332,638.7922000000001,,
2008-12-31,2008.0,350.5,4.677933333333334,163.7306,20.62173333333333,1.5020000000000002,-6.384266666666667,402.009,,
2009-01-31,2009.0,16.0,2.2588387096774194,196.7231612903226,28.25741935483871,-4.070064516129032,-12.895548387096776,241.48032258064512,,
2009-02-28,2009.0,45.5,2.800928571428572,266.0596428571429,62.14985714285714,0.9943571428571429,-7.700642857142857,373.049,,
2009-03-31,2009.0,75.0,3.346967741935484,371.46470967741936,51.095612903225806,6.298387096774194,-3.8131612903225807,489.2521935483871,,
2009-04-30,2009.0,105.5,4.229133333333333,374.8309333333333,5.106333333333334,13.108333333333334,2.3238,748.6544,,
2009-05-31,2009.0,136.0,2.041483870967742,401.83593548387097,0.0,19.027354838709677,7.220903225806451,1045.4061290322581,,
2009-06-30,2009.0,166.5,3.4415333333333336,374.5464666666667,0.0,22.903933333333335,12.461666666666668,1473.1662666666666,,
2009-07-31,2009.0,197.0,3.465935483870968,351.02380645161287,0.0,23.375032258064515,13.89083870967742,1605.4764516129032,,
2009-08-31,2009.0,228.0,4.626064516129032,345.28187096774195,0.0,25.022903225806452,15.57741935483871,1802.0072258064515,,
2009-09-30,2009.0,258.5,1.6899333333333335,327.55446666666666,0.0,21.884066666666666,11.645933333333334,1403.3582,,
2009-10-31,2009.0,289.0,3.246967741935484,234.20348387096774,0.0,12.944903225806451,4.557806451612903,868.6504516129032,,
2009-11-30,2009.0,319.5,1.5308,175.0711333333333,0.0,10.403066666666666,2.5734666666666666,746.9206,,
2009-12-31,2009.0,350.0,2.5050322580645163,147.17393548387096,0.7230967741935483,1.1390967741935483,-5.044,437.17348387096774,,
2010-01-31,2010.0,16.0,1.2963870967741937,180.23109677419353,8.564064516129033,-2.112709677419355,-7.781612903225806,366.6251612903226,,
2010-02-28,2010.0,45.5,1.1775,251.44657142857145,12.360285714285714,-0.8320714285714285,-7.237,364.26535714285717,,
2010-03-31,2010.0,75.0,1.5979999999999999,361.44761290322583,3.289290322580645,8.372387096774194,-1.508258064516129,544.0046451612903,,
2010-04-30,2010.0,105.5,2.5008,389.7689333333334,0.0,16.30346666666667,4.064933333333333,803.6564000000001,,
2010-05-31,2010.0,136.0,3.5847096774193545,381.56174193548384,0.0,20.559870967741936,9.61658064516129,1239.6930322580645,,
2010-06-30,2010.0,166.5,4.11,345.2928,0.0,24.157866666666667,14.588266666666666,1687.0117999999998,,
2010-07-31,2010.0,197.0,3.6141290322580644,374.9967741935484,0.0,27.838193548387096,16.91658064516129,1965.2403225806452,,
2010-08-31,2010.0,228.0,1.8363870967741935,365.3565806451613,0.0,27.109483870967743,16.773032258064518,1942.1823225806452,,
2010-09-30,2010.0,258.5,2.8899333333333335,300.76166666666666,0.0,21.233466666666665,11.574266666666666,1402.4811333333332,,
2010-10-31,2010.0,289.0,3.068258064516129,238.10309677419355,0.0,15.23032258064516,5.9314838709677415,950.8551612903226,,
2010-11-30,2010.0,319.5,3.3952,189.6148,0.0,9.485666666666667,0.08433333333333333,623.8658,,
2010-12-31,2010.0,350.0,1.8225806451612905,140.00677419354838,7.445161290322581,-1.338258064516129,-6.792709677419355,378.6337419354839,,
2011-01-31,2011.0,16.0,1.9972258064516129,183.37051612903227,22.84341935483871,-3.271612903225807,-10.792774193548386,288.60729032258064,,
2011-02-28,2011.0,45.5,2.6927142857142856,275.29214285714284,72.551,-0.5439285714285714,-9.553999999999998,322.34114285714287,,
2011-03-31,2011.0,75.0,3.844064516129032,351.16754838709676,78.25122580645161,3.6471612903225803,-4.880967741935484,450.7562580645161,,
2011-04-30,2011.0,105.5,4.431533333333333,377.8826666666667,23.571466666666666,11.596266666666668,2.134533333333333,729.9958666666666,,
2011-05-31,2011.0,136.0,4.498387096774193,362.9372903225806,0.0,18.726258064516127,9.296516129032259,1203.4110322580643,,
2011-06-30,2011.0,166.5,2.256266666666667,393.0819333333333,0.0,23.892533333333336,13.464866666666666,1569.27,,
2011-07-31,2011.0,197.0,1.9008387096774193,399.1481935483871,0.0,29.34348387096774,17.448451612903227,2027.9740645161291,,
2011-08-31,2011.0,228.0,3.613935483870968,352.4291612903226,0.0,26.557935483870967,15.810903225806452,1815.542580645161,,
2011-09-30,2011.0,258.5,4.0546,281.77253333333334,0.0,21.473133333333333,12.643199999999998,1501.2260666666666,,
2011-10-31,2011.0,289.0,3.5521290322580645,229.45864516129032,0.0,15.026774193548386,6.239032258064516,980.2327741935484,,
2011-11-30,2011.0,319.5,4.056533333333333,179.8808666666667,0.0,11.027866666666666,3.1206666666666667,790.0366666666666,,
2011-12-31,2011.0,350.0,3.435290322580645,140.1302580645161,0.12948387096774194,4.578516129032258,-2.0700645161290323,544.2623870967742,,
2012-01-31,2012.0,16.0,2.652451612903226,169.85793548387096,9.892193548387096,2.126193548387097,-5.34,441.37070967741937,,
2012-02-29,2012.0,46.0,1.4564827586206897,229.73806896551724,1.9157241379310346,2.663862068965517,-3.726827586206896,475.86882758620686,,
2012-03-31,2012.0,76.0,2.0273548387096776,336.03903225806454,0.0,12.869483870967741,1.802774193548387,750.2195483870968,,
2012-04-30,2012.0,106.5,1.05,382.2385333333333,0.0,12.764266666666666,1.3243333333333334,679.9398,,
2012-05-31,2012.0,137.0,1.3921935483870969,415.3045806451613,0.0,22.709935483870968,9.831612903225807,1099.5262580645162,,
2012-06-30,2012.0,167.5,2.4383333333333335,381.81059999999997,0.0,25.478666666666665,14.063266666666667,1499.7531999999999,,
2012-07-31,2012.0,198.0,1.6252903225806452,388.91141935483876,0.0,29.221677419354837,17.33767741935484,1785.0209677419357,,
2012-08-31,2012.0,229.0,2.6420000000000003,368.88006451612904,0.0,26.44283870967742,14.737354838709678,1652.2099354838713,,
2012-09-30,2012.0,259.5,4.3722,312.35853333333336,0.0,21.629933333333334,10.562933333333334,1307.6299333333332,,
2012-10-31,2012.0,290.0,5.071870967741935,208.38135483870968,0.0,14.715548387096774,5.952129032258065,961.2599354838709,,
2012-11-30,2012.0,320.5,0.6273333333333333,181.9905333333333,0.0,7.336799999999999,-0.6988666666666666,592.7348,,
2012-12-31,2012.0,350.5,3.2203333333333335,127.34886666666667,0.4923333333333334,4.7854,-1.6758,556.5698,,
2013-01-31,2013.0,16.0,3.371612903225807,189.27787096774193,13.12632258064516,1.317225806451613,-6.511290322580645,412.32367741935485,,
2013-02-28,2013.0,45.5,3.3059285714285713,236.26192857142854,43.52271428571429,-0.6372142857142857,-8.920785714285714,334.14671428571427,,
2013-03-31,2013.0,75.0,1.2294193548387096,351.1116774193548,53.05709677419355,3.097483870967742,-3.8606451612903228,471.79541935483866,,
2013-04-30,2013.0,105.5,4.095533333333333,403.2547333333333,14.274199999999999,11.7422,0.6915333333333333,671.6706,,
2013-05-31,2013.0,136.0,2.6952903225806453,417.3173548387097,0.0,21.59658064516129,8.21683870967742,1135.6641935483872,,
2013-06-30,2013.0,166.5,4.2496,344.57846666666666,0.0,23.290399999999998,13.543733333333332,1597.2008666666666,,
2013-07-31,2013.0,197.0,3.595548387096774,371.5303870967742,0.0,26.747806451612906,16.56135483870968,1930.2803870967741,,
2013-08-31,2013.0,228.0,1.1400000000000001,387.1521290322581,0.0,25.648064516129033,13.77574193548387,1608.3666451612903,,
2013-09-30,2013.0,258.5,2.7588666666666666,324.3478,0.0,21.609133333333332,10.090266666666668,1299.4540000000002,,
2013-10-31,2013.0,289.0,5.2708387096774185,225.02109677419358,0.0,16.259032258064515,6.01141935483871,979.761870967742,,
2013-11-30,2013.0,319.5,2.121,178.50513333333333,1.8311333333333333,6.188066666666667,-1.7862666666666667,578.2073333333334,,
2013-12-31,2013.0,350.0,3.4418709677419357,155.50251612903224,14.68425806451613,0.41154838709677416,-6.825483870967742,394.0351612903226,,
2014-01-31,2014.0,16.0,2.5149032258064516,185.86522580645163,18.01909677419355,-3.8431612903225814,-12.54509677419355,275.01322580645166,,
2014-02-28,2014.0,45.5,2.4000714285714286,270.32057142857144,59.26421428571429,-4.047571428571429,-13.214428571428574,253.97335714285714,,
2014-03-31,2014.0,75.0,1.2364516129032257,374.84606451612905,77.87135483870968,0.5430322580645162,-9.259870967741936,337.2501935483871,,
2014-04-30,2014.0,105.5,3.774066666666667,426.8475333333334,37.135933333333334,12.095933333333333,0.7889333333333334,657.4758666666667,,
2014-05-31,2014.0,136.0,2.9812903225806453,395.7149677419355,0.0021290322580645163,18.93367741935484,7.988838709677419,1093.4308387096776,,
2014-06-30,2014.0,166.5,2.173,384.86693333333335,0.0,25.137733333333333,13.967666666666668,1628.8328000000001,,
2014-07-31,2014.0,197.0,4.340580645161291,362.31774193548387,0.0,24.27741935483871,14.170000000000002,1644.1507096774192,,
2014-08-31,2014.0,228.0,1.3189032258064517,369.1990322580645,0.0,24.666193548387096,14.388064516129031,1660.2431612903226,,
2014-09-30,2014.0,258.5,4.629533333333333,322.34133333333335,0.0,21.426866666666665,10.8694,1342.9583333333335,,
2014-10-31,2014.0,289.0,3.2123225806451616,223.43651612903227,0.0,15.036322580645162,6.451612903225806,1003.3373548387096,,
2014-11-30,2014.0,319.5,2.4558,168.73166666666665,2.5717333333333334,5.785066666666667,-1.6028666666666667,576.8268,,
2014-12-31,2014.0,350.0,0.8949677419354838,133.71948387096774,0.0292258064516129,2.9245806451612903,-2.497032258064516,523.7176129032258,,
2015-01-31,2015.0,16.0,1.6107741935483868,193.12845161290323,17.818709677419356,-2.982322580645161,-11.452709677419355,274.09187096774195,,
2015-02-28,2015.0,45.5,1.8565714285714285,296.97114285714287,65.95892857142857,-7.465142857142856,-17.785571428571426,169.5785,,
2015-03-31,2015.0,75.0,0.786258064516129,357.5521935483871,76.05264516129031,2.44258064516129,-6.689677419354839,397.78012903225806,,
2015-04-30,2015.0,105.5,1.6124666666666667,431.60346666666663,23.47226666666667,12.300733333333334,1.5190666666666668,612.0465333333334,,
2015-05-31,2015.0,136.0,1.5665806451612905,422.36470967741934,0.0,21.73109677419355,9.324903225806452,867.7607096774194,,
2015-06-30,2015.0,166.5,4.568733333333333,367.1163333333333,0.0,22.726666666666667,12.965733333333333,1314.458,,
2015-07-31,2015.0,197.0,1.733290322580645,418.1489032258065,0.0,26.137096774193548,14.959612903225807,1683.1554193548386,,
2015-08-31,2015.0,228.0,2.075290322580645,345.5329032258064,0.0,24.904451612903223,14.939161290322579,1720.0249032258064,,
2015-09-30,2015.0,258.5,3.2052666666666667,320.9014666666667,0.0,24.4618,13.663,1607.3218666666667,,
2015-10-31,2015.0,289.0,3.513161290322581,241.8578064516129,0.0,15.046387096774193,6.1177419354838705,972.012,,
2015-11-30,2015.0,319.5,1.647533333333333,182.40426666666667,0.0996,11.579933333333333,2.751866666666667,777.4567333333333,,
2015-12-31,2015.0,350.0,2.065161290322581,138.90954838709678,0.12606451612903227,7.840709677419355,1.0756129032258064,675.5847096774194,,
2016-01-31,2016.0,16.0,1.6157419354838711,189.18225806451613,20.753096774193548,0.2645806451612903,-7.118967741935483,379.360064516129,,
2016-02-29,2016.0,46.0,2.3424137931034483,258.07158620689654,6.558896551724137,2.236551724137931,-6.222344827586207,419.9576551724138,,
2016-03-31,2016.0,76.0,5.482903225806451,314.20316129032256,7.097612903225806,8.123677419354838,-1.1434193548387097,597.8022580645161,,
2016-04-30,2016.0,106.5,2.3469333333333333,396.4396,3.5818666666666665,10.5624,-0.10946666666666668,631.8878666666667,,
2016-05-31,2016.0,137.0,0.9181935483870968,415.63425806451613,0.0,19.77832258064516,8.21967741935484,1143.4869032258064,,
2016-06-30,2016.0,167.5,1.6430666666666667,410.7946,0.0,24.861866666666668,12.5198,1445.4892666666667,,
2016-07-31,2016.0,198.0,3.1756774193548387,366.01212903225803,0.0,27.5841935483871,16.54025806451613,1666.7665161290322,,
2016-08-31,2016.0,229.0,2.4059999999999997,352.34148387096775,0.0,28.03258064516129,17.407032258064515,1944.8068387096773,,
2016-09-30,2016.0,259.5,3.450866666666667,316.83820000000003,0.0,24.153866666666666,13.193200000000001,1553.5674,,
2016-10-31,2016.0,290.0,3.051483870967742,236.41329032258062,0.0,16.61690322580645,7.023290322580645,1060.5167741935484,,
2016-11-30,2016.0,320.5,1.9925333333333335,176.58633333333333,0.0,11.6732,2.1149999999999998,730.4467999999999,,
2016-12-31,2016.0,350.5,2.8148,136.49986666666666,18.04446666666667,1.2528666666666666,-4.660933333333333,460.8815333333334,,
2017-01-31,2017.0,16.0,2.7324516129032257,162.54625806451614,9.986,1.4678064516129032,-4.36941935483871,470.5963870967742,,
2017-02-28,2017.0,45.5,3.495285714285714,270.5222857142857,0.9457857142857142,5.214714285714285,-3.6903571428571427,486.7881428571429,,
2017-03-31,2017.0,75.0,3.2323225806451616,281.2750322580645,1.0350322580645162,4.444774193548387,-3.4389032258064516,504.9272258064516,,
2017-04-30,2017.0,105.5,4.096733333333334,378.00006666666667,0.0,15.0328,4.29,848.1854666666666,,
2017-05-31,2017.0,136.0,4.332709677419355,364.0726451612903,0.0,17.161483870967743,7.8346451612903225,1092.2535483870968,,
2017-06-30,2017.0,166.5,3.1043333333333334,372.2375333333333,0.0,24.2438,13.993,1633.3126,,
2017-07-31,2017.0,197.0,1.3573548387096774,380.2572903225806,0.0,25.769612903225806,16.13716129032258,1846.139677419355,,
2017-08-31,2017.0,228.0,1.8564516129032256,381.78000000000003,0.0,24.753032258064515,14.174774193548387,1622.8153548387097,,
2017-09-30,2017.0,258.5,1.327,342.18573333333336,0.0,23.760533333333335,11.893,1415.6277333333333,,
2017-10-31,2017.0,289.0,4.505032258064516,215.9489677419355,0.0,18.015290322580647,8.315677419354838,1136.0032258064516,,
2017-11-30,2017.0,319.5,4.2409333333333326,176.74346666666668,0.0,7.973000000000001,-0.18073333333333336,618.8904666666667,,
2017-12-31,2017.0,350.0,1.4381290322580647,148.7754193548387,5.028516129032258,-0.905225806451613,-7.667612903225807,384.3843870967742,,
2018-01-31,2018.0,16.0,2.628387096774193,187.37264516129034,12.14825806451613,-1.2123870967741937,-9.761999999999999,330.37664516129036,,
2018-02-28,2018.0,45.5,3.770214285714286,257.54357142857145,27.068142857142856,2.7527857142857144,-6.17,430.5603571428572,,
2018-03-31,2018.0,75.0,1.2925806451612902,314.94264516129033,4.05058064516129,3.147870967741935,-4.128516129032258,457.77490322580644,,
2018-04-30,2018.0,105.5,3.0829999999999997,367.07686666666666,0.0,7.855133333333333,-1.0702666666666667,578.2533333333333,,
2018-05-31,2018.0,136.0,2.5435483870967746,404.20232258064516,0.0,22.920516129032258,10.092258064516129,1268.5572258064517,,
2018-06-30,2018.0,166.5,2.8961333333333332,356.7013333333333,0.0,24.1526,14.153533333333334,1620.7905333333333,,
2018-07-31,2018.0,197.0,2.4762580645161294,382.4416129032258,0.0,27.53109677419355,16.439419354838712,1856.6626451612906,,
2018-08-31,2018.0,228.0,3.2656129032258066,332.9963870967742,0.0,26.752838709677416,17.453096774193547,2013.4596129032257,,
2018-09-30,2018.0,258.5,3.0585333333333335,306.07206666666673,0.0,23.241,14.070133333333334,1660.1014,,
2018-10-31,2018.0,289.0,3.769225806451613,226.35490322580645,0.0,14.237354838709678,5.753354838709678,973.987806451613,,
2018-11-30,2018.0,319.5,3.1130000000000004,147.1386,0.021733333333333334,4.414066666666667,-0.9512666666666666,592.3162,,
2018-12-31,2018.0,350.0,1.9198709677419354,139.04367741935485,0.0,3.3707741935483875,-2.4732258064516133,518.0578709677419,,
2019-01-31,2019.0,16.0,1.9903225806451612,179.19025806451614,6.415032258064516,-1.5230322580645161,-9.730387096774193,327.7116129032258,,
2019-02-28,2019.0,45.5,2.5987142857142858,238.25992857142856,19.750999999999998,0.7150714285714285,-7.904857142857142,368.3030714285714,,
2019-03-31,2019.0,75.0,1.7835483870967743,357.0827741935484,26.812387096774195,3.5112258064516126,-5.732967741935484,432.8221935483871,,
2019-04-30,2019.0,105.5,3.9543999999999997,362.5994,1.8768,11.213733333333334,1.9113333333333333,711.2392,,
2019-05-31,2019.0,136.0,2.9454193548387098,397.6754193548387,0.0,18.122451612903227,7.000129032258064,1010.5780000000001,,
2019-06-30,2019.0,166.5,3.037466666666667,381.855,0.0,23.467466666666667,12.784666666666666,1499.3853333333332,,
2019-07-31,2019.0,197.0,4.298774193548387,364.30741935483877,0.0,27.714,17.303935483870966,2005.2867741935484,,
2019-08-31,2019.0,228.0,2.7849032258064517,367.28432258064515,0.0,25.519290322580645,15.008129032258063,1724.762064516129,,
2019-09-30,2019.0,258.5,1.5893333333333335,326.82446666666664,0.0,23.09773333333333,12.587133333333332,1475.1088666666667,,
2019-10-31,2019.0,289.0,4.705161290322581,240.47038709677418,0.0,16.11735483870968,5.889225806451613,954.5896129032259,,
2019-11-30,2019.0,319.5,1.7484666666666666,166.73106666666666,0.056999999999999995,4.9834,-2.1772666666666667,538.6233333333333,,
2019-12-31,2019.0,350.0,2.1828387096774193,153.23664516129034,0.2192258064516129,3.5909032258064513,-3.5432903225806456,487.9683870967742,,
2020-01-31,2020.0,16.0,3.2572903225806455,168.09445161290324,7.621935483870968,2.669677419354839,-3.8724516129032254,480.78361290322584,,
2020-02-29,2020.0,46.0,1.212206896551724,259.35896551724136,6.459862068965518,0.976,-5.863172413793103,411.5777931034483,,
2020-03-31,2020.0,76.0,2.6916774193548387,316.81858064516126,0.6296774193548387,8.349290322580647,-0.9353548387096774,588.356064516129,,
2020-04-30,2020.0,106.5,3.022866666666667,370.1716,0.0,10.947266666666668,0.7474000000000001,659.8866,,
2020-05-31,2020.0,137.0,1.7609032258064516,410.15793548387103,0.0,18.134387096774194,6.787419354838709,1059.149806451613,,
2020-06-30,2020.0,167.5,1.7502,416.2198,0.0,26.063133333333333,13.519533333333333,1530.3388666666667,,
2020-07-31,2020.0,198.0,2.816774193548387,377.47587096774197,0.0,29.453483870967744,17.551354838709678,1946.622,,
2020-08-31,2020.0,229.0,2.81541935483871,367.7771612903226,0.0,26.899483870967742,14.906322580645162,1708.7030322580645,,
2020-09-30,2020.0,259.5,2.5449333333333333,319.83233333333334,0.0,21.965,10.488666666666667,1309.6624666666667,,
2020-10-31,2020.0,290.0,3.3826451612903226,216.17038709677416,0.0,14.29683870967742,5.055483870967743,890.9192903225807,,
2020-11-30,2020.0,320.5,2.8289999999999997,177.42146666666667,0.0,11.306799999999999,2.335733333333333,747.3357333333333,,
2020-12-31,2020.0,350.5,2.200933333333333,134.09193333333332,0.632,3.0342,-2.8204000000000002,505.0996,,
2021-01-31,2021.0,16.0,1.0523870967741937,168.79032258064518,1.0833548387096772,0.434258064516129,-5.017290322580645,434.05587096774195,,
2021-02-28,2021.0,45.5,1.8140714285714286,286.99657142857143,21.80192857142857,-1.4778571428571428,-10.415285714285714,299.20721428571426,,
2021-03-31,2021.0,75.0,1.3627741935483872,385.87929032258063,19.764774193548384,9.827225806451613,-2.2317419354838712,519.2485161290322,,
2021-04-30,2021.0,105.5,2.0860666666666665,341.0611333333333,0.0,13.761666666666667,2.8504,744.1134,,
2021-05-31,2021.0,136.0,1.2616129032258065,444.51032258064515,0.0,19.639032258064514,6.218645161290323,872.280193548387,,
2021-06-30,2021.0,166.5,4.594266666666667,359.4262,0.0,26.6024,15.113666666666665,1705.0675999999999,,
2021-07-31,2021.0,197.0,4.898516129032258,365.0009677419355,0.0,25.997741935483873,15.601032258064517,1790.5445806451612,,
2021-08-31,2021.0,228.0,2.6758709677419352,361.5070322580645,0.0,27.78290322580645,16.65148387096774,1930.0327741935484,,
2021-09-30,2021.0,258.5,4.7072,319.7366666666667,0.0,22.971933333333332,11.7634,1403.5284666666666,,
2021-10-31,2021.0,289.0,6.2298064516129035,203.4790322580645,0.0,17.830903225806452,9.890451612903226,1280.336129032258,,
2021-11-30,2021.0,319.5,2.0664666666666665,178.7044,0.041933333333333336,8.039800000000001,-0.4754666666666667,600.3055999999999,,
2021-12-31,2021.0,350.0,2.527806451612903,147.17122580645162,0.37987096774193546,5.708322580645161,-1.854451612903226,545.1496129032258,,
